country_name,country_code,adolescent_fertility,GDP,electricity_access,age_dependency,birds_threatened,crude_births ,compulsory_education,start_up_cost,crude_deaths,credit,business_ease,fertility,fish_threatened,telephone,foreign_inflow,foreign_outflow,GDP_growth,measles_immunization,labor,land,life_expectancy_female,life_expectancy_male,life_expectancy_total,mammals_threatened,mobile_cell,infant_deaths,pop_ann_growth,female_pop_perc,male_pop_perc,pop_total,private_cred,profit_tax,parliament_women,sex_ratio,legal_rights
Afghanistan,AFG,65.141,21126660586,98.71320343,84.07765608,16,32.487,9,6.4,6.423,0,44.20343,4.473,4,127794,119435105.7,38803701.64,1.840088543,64,10334090,652860,66.026,63.047,64.486,11,21976355,57394,2.3847611,48.6358467,51.3641533,37172386,0,0,NA,1.06,10
Albania,ALB,19.5724,14546448944,100,45.81003739,8,11.78,9,11.3,7.898,6,66.99561,1.617,44,248631,1204383364,-4513335.957,4.071301295,94,1318022,27400,80.167,76.816,78.458,3,2714878,289,-0.246732042,49.0630946,50.9369054,2866376,0,14,27.85714286,1.085,8
Algeria,DZA,9.8338,2.01E+11,100,57.50803244,15,24.282,10,11.8,4.716,0,48.49803,3.023,41,4200919,1466082167,879668058.7,1.400000001,80,12173459,2381740,77.938,75.494,76.693,14,47154264,20875,2.00737383,49.48426788,50.51573212,42228429,0,8.1,25.75757576,1.05,2
Argentina,ARG,62.5654,4.47E+11,100,55.95447291,52,17.021,14,5.3,7.609,8,58.18388,2.261,42,9764014,11872856663,1802220667,-2.481792445,94,20551682,2736690,79.863,73.082,76.52,38,58598041,6560,1.015808349,51.23734845,48.76265155,44494502,100,3.9,38.91050584,1.04,2
Australia,AUS,11.3258,1.42E+12,100,53.48508824,52,12.6,10,0.7,6.3,7,80.70552,1.74,125,8200000,61079477673,214944531.8,2.940333582,95,13254463,7692020,84.9,80.7,82.74878049,63,27640000,984,1.536105516,50.19962324,49.80037676,24982688,100,26,28.66666667,1.055,11
Austria,AUT,7.0444,4.43E+11,100,49.92394012,13,9.7,13,4.8,9.5,7,78.73995,1.47,11,3772429,-28555242263,-26584148161,2.419763638,94,4601213,82522.99805,84.1,79.4,81.69268293,3,10984000,254,0.487071925,50.82942665,49.17057335,8840521,52.2,17.1,34.42622951,1.055,4
Bahrain,BHR,13.239,33708590426,100,27.68238859,7,13.99,9,1.1,2.385,8,70.13951,1.987,14,274733,111170212.8,1515159574,1.957183297,99,926959,778.0000305,78.285,76.312,77.163,3,2092714,132,4.921161372,36.34825161,63.65174839,1569439,28,0,15,1.038,1
Belarus,BLR,13.7516,62461148027,100,46.43666372,9,9.9,9,0.5,12.7,7,74.35306,1.448,2,4488821,1426500000,55200000,3.149197594,98,5087320,202988.0078,79.4,69.2,74.17560976,4,11619651,288,-0.155570407,53.45605422,46.54394578,9483499,0,11.1,34.54545455,1.063,3
Barbados,BRB,31.1302,4625500000,100,49.57888035,4,10.648,11,7.3,9.004,0,57.6745,1.619,29,128043,241596500,9204500,-0.580333154,85,155314,430,80.392,77.682,79.081,3,329326,37,0.142439723,51.67283003,48.32716997,286641,0,19.9,20,1.036,6
Bangladesh,BGD,82.3128,1.94E+11,85.16042328,48.9522985,36,18.184,5,21.2,5.529,0,42.46602,2.036,29,1449646,2421626238,19210044.2,7.863708893,97,68791250,130170,74.291,70.637,72.32,37,161771617,78362,1.050044649,49.38729667,50.61270333,161356039,0,31.1,20.28571429,1.049,5
Belgium,BEL,4.5704,5.38E+11,100,55.87046567,8,10.3,12,5.4,10.7,5,74.74503,1.62,13,4106864,-42501691432,-33428518832,1.487634836,96,5089752,30280,83.9,79.4,81.59512195,2,11447351,354,0.455184695,50.59331939,49.40668061,11427054,0,10.9,38,1.05,8
Azerbaijan,AZE,56.4976,57657780569,100,41.97437775,17,14,10,1.3,5.8,8,73.5854,1.73,14,1681407,1402998000,1760877000,1.500401707,96,5091052,82670,75.336,70.345,72.864,8,10339700,3247,0.866316916,50.1157491,49.8842509,9939771,41.5,13.8,16.8,1.124,8
Benin,BEN,84.0364,13912028869,41.52923965,84.16643509,12,36.221,6,3.6,8.871,0,51.71272,4.836,40,48508,194073683.2,9770518.684,6.697259461,71,4678297,112760,63.003,59.914,61.47,13,9461872,24718,2.734862013,50.0982017,49.9017983,11485048,0,11.9,7.228915663,1.041,6
Bolivia,BOL,63.9042,29058494825,95.5853653,61.98396703,55,21.75,14,39.2,6.772,7,51.5617,2.73,8,711961,302368781.4,-84465303.84,4.223622769,89,5631725,1083300,74.209,68.434,71.239,21,11445830,5414,1.421899486,49.78339913,50.21660087,11353142,52.9,0,53.07692308,1.05,0
Brazil,BRA,57.8858,2.32E+12,100,43.38337979,175,13.924,14,4.7,6.452,8,58.59449,1.73,93,38311924,78162572753,2024569614,1.317223999,92,105542232,8358140,79.362,72.024,75.672,80,207046813,37438,0.783847579,50.82991676,49.17008324,209469333,80.5,22.4,15.00974659,1.05,2
Bulgaria,BGR,39.3266,60911255558,100,55.32141636,17,8.9,11,1.1,15.4,5,71.80724,1.56,22,1120392,1222580000,872930000,3.084189801,93,3327614,108560,78.6,71.5,74.96341463,8,8387160,372,-0.722080405,51.41408841,48.58591159,7025037,0,4.9,23.75,1.06,8
Cote d'Ivoire,CIV,116.1584,41776171852,66.99118042,81.14602119,25,35.74,10,2.7,10.053,8,58.34417,4.649,59,302398,620330654.4,144652160.1,6.793487967,76,8294855,318000,58.741,56.251,57.422,31,33807850,53345,2.552358861,49.51911958,50.48088042,25069229,9.6,8.8,10.58823529,1.03,6
China,CHN,7.643,1.09E+13,100,40.44526875,96,10.9,9,1.2,7.1,8,73.95071,1.69,136,192085000,2.35E+11,1.43E+11,6.751614391,99,783424134,9388210,79.051,74.549,76.704,73,1649301700,123080,0.455899679,48.67937396,51.32062604,1392730000,0,11.8,24.89932886,1.126,4
Canada,CAN,8.0346,1.91E+12,100,49.48187651,24,10.1,10,0.3,7.7,8,79.6798,1.4988,44,13842000,46542783394,52788674450,2.013639212,90,20344918,9093510,84.1,79.9,81.94878049,18,33211000,1677,1.397947791,50.39152995,49.60847005,37057765,100,3.9,26.94610778,1.054,9
Botswana,BWA,45.358,18106670986,64.85172272,62.17130491,16,24.821,NA,0.6,5.742,7,66.17048,2.874,2,142481,228718290.8,120816944.5,4.478823484,97,1049545,566730,72.049,66.204,69.275,11,3381228,1805,2.197675758,51.73076044,48.26923956,2254126,53.6,21.5,9.523809524,1.031,5
Cameroon,CMR,103.4938,37879022253,62.66007233,83.01763161,29,35.386,6,24.8,9.266,6,46.00492,4.572,122,902253,765092012.8,107937662.7,4.062405319,59,11023646,472710,60.192,57.656,58.921,46,18455836,45416,2.612290751,50.00348783,49.99651217,25216237,0,38.9,31.11111111,1.03,6
Central African Republic,CAF,126.9636,1770260151,32.42039871,89.10773164,16,35.348,10,143.4,12.289,0,34.83372,4.721,3,2193,18003535.39,NA,3.789443593,49,1871101,622980,54.991,50.649,52.805,16,1279261,13635,1.519051537,50.43647371,49.56352629,4666377,0,0,8.571428571,1.03,6
Chile,CHL,40.1384,2.83E+11,100,45.52588834,35,12.428,12,5.7,6.163,7,72.32025,1.649,27,2997192,7322612246,580113127.2,3.949320891,93,9391133,743532.0313,82.381,77.552,80.042,19,25178981,1433,1.391010541,50.72703184,49.27296816,18729160,32.4,26.2,22.58064516,1.04,4
Czech Republic,CZE,11.9314,2.48E+11,100,53.86386184,9,10.7,9,1,10.6,7,76.322,1.71,2,1511942,8324668391,6079923725,2.846057677,96,5453301,77220,82,76.2,79.02926829,3,12704262,282,0.334427262,50.80858893,49.19141107,10629928,80.5,5.2,22,1.058,7
Finland,FIN,5.6588,2.69E+11,100,60.94239949,11,8.6,10,0.8,9.9,6,80.04165,1.41,6,323000,-10591740313,3088475915,1.630081492,96,2742737,303910,84.5,79.1,81.73414634,2,7150000,101,0.132641041,50.72075849,49.27924151,5515525,21.4,11.9,42,1.047,6
Ethiopia,ETH,65.0748,62329193946,44.97995758,79.4820265,35,32.339,8,52.7,6.551,0,47.0561,4.247,14,NA,3360419369,NA,6.816147797,55,51412462,1.00E+06,68.165,64.35,66.24,34,NA,132427,2.620013482,49.97888842,50.02111158,109224559,0,24.6,38.75685558,1.04,3
"Egypt, Arab Rep.",EGY,53.086,2.86E+11,100,64.01105496,14,26.379,12,42.6,5.817,8,58.51399,3.326,58,7865286,8141300000,323489000,5.314121037,94,30177778,995450,74.162,69.599,71.825,18,93784497,46426,2.033262176,49.46997164,50.53002836,98423595,27.3,13.7,14.93288591,1.06,5
Ecuador,ECU,78.7626,88507202750,100,54.28737726,106,19.719,15,33.3,5.109,8,57.6141,2.427,61,2360581,1455972145,0,1.289291933,83,8365114,248360,79.645,74.058,76.8,47,15772838,4115,1.765611201,49.97062518,50.02937482,17084357,73.3,16.1,37.95620438,1.05,1
Cyprus,CYP,4.4586,27413165936,100,43.89919863,7,10.462,10,11.9,7.022,5,72.77735,1.329,24,311559,5206751664,-3283128528,4.056632292,90,625713,9240,82.913,78.735,80.828,6,1200378,24,0.809225398,49.9710745,50.0289255,1189265,73.1,8.1,17.85714286,1.07,7
Croatia,HRV,8.2652,65019476935,100,53.74531751,14,9,8,6.6,12.9,6,72.95462,1.47,64,1355662,1212763554,319654286.9,2.694689228,93,1794730,55960,81.4,74.9,78.07073171,9,4388476,152,-0.893486928,51.85262175,48.14737825,4087843,100,0,18.54304636,1.061,5
"Congo, Rep.",COG,110.9356,14186866197,68.51843262,80.00253304,7,32.862,10,75.5,6.705,1,38.22684,4.428,57,NA,4315250903,13614873.58,1.6,75,2124852,341500,65.703,62.837,64.29,15,5.00E+06,6102,2.5817013,50.06560377,49.93439623,5244363,0,0,11.25827815,1.03,6
Colombia,COL,65.482,3.82E+11,99.93644714,46.10472428,126,14.882,12,14,5.562,7,69.24335,1.807,99,6973573,11535119873,5126317721,2.515324456,95,26229069,1109500,79.859,74.33,77.109,58,64513977,8984,1.517270891,50.9257717,49.0742283,49648685,78.4,21.7,18.12865497,1.05,11
Denmark,DNK,4.169,3.70E+11,100,56.91495672,9,10.6,10,0.2,9.5,6,85.17028,1.73,18,1131064,1166205135,527052002.9,2.391329685,95,3014756,41990,82.9,79.1,80.95365854,2,7216215,204,0.495838926,50.27420273,49.72579727,5793636,7.4,17.1,37.4301676,1.056,8
"Congo, Dem. Rep.",COD,122.6056,35223589533,18.97766113,96.78640987,42,41.183,6,26.7,9.482,0,35.23313,5.919,94,0,1407563588,209231295.7,5.8211211,57,28829943,2267050,61.901,58.852,60.368,32,36470600,230580,3.2266989,50.09774339,49.90225661,84068091,0,27.5,8.943089431,1.03,6
Cambodia,KHM,50.7204,19542411046,91.55067444,55.69071487,31,22.464,NA,47.4,5.997,6,53.7971,2.503,48,88157,3212633447,123963610.3,7.469169207,84,9191221,176520,71.629,67.312,69.57,39,19417123,8642,1.490355371,51.19798127,48.80201873,16249798,50.4,19.4,20,1.05,10
Burkina Faso,BFA,102.0658,15812355335,14.4,89.95179254,12,37.93,10,43.3,8.124,0,51.26807,5.189,4,76760,268414907.9,67713349.2,6.81961748,88,7238229,273600,61.863,60.361,61.174,9,19339109,40798,2.867078367,50.09548152,49.90451848,19751535,1.1,16.2,11.02362205,1.046,6
Ghana,GHA,65.7842,53828671662,82.39457703,68.53447275,23,29.407,11,15.5,7.309,6,60.43442,3.87,58,278379,2989035000,80850376.75,6.263480732,92,12611514,227540,64.852,62.724,63.78,21,40934875,30324,2.192828837,49.3258297,50.6741703,29767108,22.4,17.7,12.72727273,1.053,6
France,FRA,4.7362,2.93E+12,100,61.26714345,16,11.3,10,0.7,9.2,6,76.77957,1.88,53,38132000,71599682377,1.40E+11,1.792863954,90,30391825,547556.9922,85.9,79.7,82.72439024,9,70422000,2701,0.151733989,51.58424048,48.41575952,66965912,0,0.3,39.58333333,1.049,4
Estonia,EST,7.0988,26372885187,100,56.20961758,9,10.9,9,1.1,11.9,7,80.79339,1.67,5,345690,1212525210,-213611090.2,4.761158469,87,705816,43470,82.7,74,78.24390244,1,1924034,27,0.348039138,52.85842682,47.14157318,1321977,26.9,7.8,26.73267327,1.067,7
El Salvador,SLV,68.6136,22518214612,100,54.84470297,7,18.253,15,45.1,7.04,7,64.92118,2.039,17,923029,412743968.4,-413302988.3,2.430960499,81,2757089,20720,77.635,68.229,73.096,6,9433495,1385,0.509367036,53.11400244,46.88599756,6420744,33.6,16.9,30.95238095,1.05,9
Dominican Republic,DOM,93.0342,81804960995,100,53.98817641,17,19.506,15,14.1,6.15,8,59.32073,2.346,29,1277247,2744500000,209200000,6.982527585,95,4917459,48310,77.196,70.805,73.892,7,8937647,4988,1.078841148,50.00779607,49.99220393,10627165,100,29.1,26.84210526,1.05,1
Germany,DEU,7.8568,3.94E+12,100,54.04283612,11,9.5,13,6.5,11.5,8,79.34794,1.57,24,42500000,1.68E+11,1.77E+11,1.527446298,97,43560137,349360,83.3,78.6,80.89268293,5,107500000,2512,0.300526702,50.66036737,49.33963263,82905782,100,23.2,30.74753173,1.053,6
Greece,GRC,6.9376,2.53E+11,100,55.58515986,17,8.1,10,1.6,11.2,7,67.40997,1.35,80,5078083,4025447789,519563248.7,1.934370883,97,4804346,128900,84.4,79.3,81.78780488,10,12170757,291,-0.202880238,50.91620191,49.08379809,10732882,72.5,23,18.66666667,1.065,2
Georgia,GEO,45.1848,17642889363,100,53.047312,14,13.472,9,2.2,12.849,8,83.4992,2.06,11,604348,1218652826,293607479.8,4.869934776,98,2040890,69490,77.989,69.174,73.6,9,5459239,474,-0.039036546,52.2912375,47.7087625,3726549,100,7.8,16,1.064,9
Fiji,FJI,49.1406,4236472838,99.5933609,53.75698098,14,21.277,NA,15.9,8.208,0,61.38188,2.774,20,76522,468861002.9,-3630949.27,3.526209417,96,359311,18270,69.178,65.641,67.341,7,NA,407,0.684181932,49.30050142,50.69949858,883483,0,19.6,19.60784314,1.06,5
Haiti,HTI,50.9536,8123218871,45.27788925,61.79042719,17,24.349,6,200.3,8.534,0,37.85895,2.935,30,5922,1.05E+08,NA,1.483879788,69,4975289,27560,65.832,61.5,63.66,4,6399044,13297,1.273996399,50.65220989,49.34779011,11123176,0,22.8,2.542372881,1.05,2
Hungary,HUN,24.2756,1.63E+11,100,50.53376728,13,9.6,13,4.9,13.4,6,73.23963,1.55,9,3079730,-64832072323,-68477682834,5.094002564,99,4731877,90530,79.6,72.7,76.06585366,3,10041939,303,-0.126786952,52.43242803,47.56757197,9775564,91.2,9.1,12.56281407,1.059,9
Indonesia,IDN,46.9052,1.15E+12,98.51,47.94729712,160,18.072,9,6.1,6.465,8,68.184,2.311,166,8303511,18909826044,6399215529,5.169705609,89,132737405,1811570,73.748,69.375,71.509,191,319434605,101219,1.133769861,49.64388219,50.35611781,267663435,38.1,18.1,19.82142857,1.05,6
Ireland,IRL,7.0566,3.73E+11,100,54.49315126,9,12.5,10,0.1,6.4,7,79.58999,1.75,28,1829166,67361732390,94803361631,8.169870933,92,2385556,68890,84.1,80.5,82.25609756,5,4971493,183,1.238875453,50.42550948,49.57449052,4867316,100,12.4,22.15189873,1.058,7
Italy,ITA,5.11,2.14E+12,100,56.44750534,17,7.3,12,14.1,10.5,7,73.04291,1.29,52,20396603,39613297744,39839044477,0.798119353,93,26034264,294140,85.6,81.2,83.34634146,8,83342486,1274,-0.19006364,51.37666963,48.62333037,60421760,100,16.8,35.71428571,1.063,2
Iceland,ISL,5.9066,18197812725,100,52.96921282,7,12,10,1.7,6.4,7,79.011,1.71,16,136713,-622718386.3,-151722470.8,3.814422976,93,212899,100250,84.5,81.3,82.86097561,6,411361,7,2.678142769,49.81170852,50.18829148,352721,100,8.8,38.0952381,1.053,4
Iraq,IRQ,71.7416,2.11E+11,99.9,71.55649885,17,29.075,6,38.8,4.776,0,44.65481,3.672,19,2705028,-4885100000,188400000,-0.563615472,83,10146991,434128.0078,72.486,68.429,70.454,13,36527353,24904,2.318464028,49.40868153,50.59131847,38433600,0,15,25.22796353,1.065,0
Kenya,KEN,74.044,61746972564,75,72.77528872,44,28.748,12,24.9,5.469,8,70.97866,3.492,74,65644,1625921131,164384690.6,6.318450702,89,23057935,569140,68.684,63.965,66.342,30,49501430,48163,2.305948675,50.31602039,49.68397961,51393010,29.9,30.1,21.7765043,1.03,10
"Korea, Rep.",KOR,1.3204,1.45E+12,100,37.7256402,33,6.4,9,14.6,5.8,8,83.96046,0.977,28,25906849,12182600000,38220400000,2.664930346,98,28272711,97489.00391,85.7,79.7,82.62682927,12,66355778,1067,0.47533441,49.91688179,50.08311821,51606633,100,18.2,17,1.055,5
Kuwait,KWT,7.8858,1.37E+11,100,31.73383938,11,13.939,9,2,2.696,6,62.56073,2.082,18,515542,-21377568.82,2971770063,1.246273814,98,2383249,17820,76.467,74.672,75.398,7,7099848,401,1.982462733,39.54817062,60.45182938,4137312,30.7,0,3.076923077,1.045,1
Jamaica,JAM,51.3186,14249490165,98.93328094,48.25083158,11,16.103,6,4.4,7.573,8,68.2738,1.979,30,363820,774620603.1,12670743.49,1.940878147,89,1473383,10830,75.993,72.787,74.368,7,2964974,582,0.47823514,50.33982963,49.66017037,2934855,27.7,13.6,17.46031746,1.05,9
"Iran, Islamic Rep.",IRN,40.6932,NA,100,44.21925804,28,18.783,9,1.2,4.843,8,58.63915,2.137,47,30481734,2.37E+09,74601111.1,NA,99,27770616,1628760,77.668,75.409,76.479,18,88722442,19033,1.386479705,49.43912976,50.56087024,81800269,58.3,18.4,5.882352941,1.052,2
Madagascar,MDG,107.7374,12871116512,25.90781212,77.47762031,37,32.657,5,33,6.055,6,47.04235,4.077,111,69046,612036371.4,117896273.8,4.564782759,62,13409202,581800,68.301,65.077,66.681,121,10654710,31696,2.66961324,50.12396661,49.87603339,26262368,0,16.6,19.20529801,1.03,2
Maldives,MDV,7.4138,4142753893,100,31.3219386,0,14.199,7,4,2.814,5,53.2984,1.87,24,18754,575658028.2,0,6.888817196,99,283491,300,80.499,77.229,78.627,2,857934,50,3.813136225,37.26498146,62.73501854,515696,0,13.1,5.882352941,1.071,2
Mexico,MEX,59.4542,1.31E+12,100,51.0129948,71,17.602,14,16.2,6.01,8,72.3064,2.129,181,21645824,37681755259,12276255600,2.135958121,97,56253063,1943950,77.844,72.118,74.992,96,120173510,28044,1.126421149,51.08928083,48.91071917,126190788,100,27.9,48.2,1.05,10
Luxembourg,LUX,4.6038,67301206244,100,42.98357432,3,10.3,12,1.7,7.1,0,69.58703,1.38,1,273530,-16756616318,11622990895,3.110836266,99,302721,2430,84.6,80.1,82.29512195,0,798600,15,1.928837514,49.53925897,50.46074103,607950,0,4.2,20,1.046,3
Mongolia,MNG,31.4384,13349296396,98.1,52.65572144,24,24.131,12,1.3,6.316,7,67.67673,2.895,2,369853,1951528196,27926874.18,7.246629636,99,1319351,1553560,73.961,65.631,69.689,11,4222041,1085,1.79600998,50.66954471,49.33045529,3170208,0,10.3,17.10526316,1.03,9
New Caledonia,NCL,14.4552,NA,100,46.87542011,17,14.5,0,NA,5.5,NA,NA,1.97,37,NA,348749223.4,96074275.27,NA,NA,138742,18280,79.3,75.1,77.14878049,9,NA,NA,1.314666088,49.66105448,50.33894552,284060,NA,NA,NA,1.05,NA
Niger,NER,183.5134,12299579202,17.6,110.8785112,13,46.079,NA,8.1,8.268,0,52.3119,6.913,4,NA,466042273,38617403.49,7.004561951,77,8111179,1266700,63.212,60.9,62.024,13,NA,48606,3.816869199,49.7710026,50.2289974,22442948,0.5,21.6,16.95906433,1.05,6
Pakistan,PAK,38.2106,2.54E+11,71.0915467,65.51520208,33,28.25,12,6.8,6.942,7,55.45628,3.51,46,2798606,1.74E+09,-2.10E+07,5.836417498,73,72040845,770880,68.109,66.194,67.114,25,153986607,338766,2.05587987,48.53807472,51.46192528,212215030,7.2,18.2,20.23460411,1.087,2
Philippines,PHL,54.7592,3.40E+11,94.85723114,56.45928583,93,20.546,13,24,5.873,7,60.87374,2.576,91,4132490,9948598824,4115698240,6.341485571,67,43864623,298170,75.387,67.123,71.095,38,134592608,48672,1.39613428,49.74165739,50.25834261,106651922,12.4,20.3,29.45205479,1.06,1
Puerto Rico,PRI,28.3068,87377939487,100,55.06505892,11,6.7,13,1.3,9.2,7,70.01875,1.035,32,703266,NA,NA,-4.65959596,NA,1061756,8870,83.382,76.346,79.77819512,2,3330286,NA,-4.048391034,52.45009373,47.54990627,3193354,100,30.8,NA,1.053,12
Peru,PER,55.9518,2.06E+11,95.2,51.23787463,119,17.949,14,7.5,5.503,8,68.27159,2.254,52,2728617,6487906281,19161065.66,3.976935718,85,18346713,1280000,79.28,73.834,76.516,53,42154771,6097,1.718246517,50.33775549,49.66224451,31989256,100,22.7,27.69230769,1.05,7
Portugal,PRT,8.0012,2.47E+11,100,54.82696162,15,8.5,12,2,11,7,76.44344,1.42,67,5073815,7815679195,1449393896,2.637245523,99,5267545,91605.5957,84.5,78.3,81.32439024,13,11859548,244,-0.160104021,52.71196171,47.28803829,10283822,7.9,12.5,34.7826087,1.06,2
Netherlands,NLD,3.7028,9.48E+11,100,54.56989978,10,9.7,13,4.2,8.9,7,76.09693,1.59,15,5900000,-3.61E+11,-2.98E+11,2.597453618,93,9227941,33690,83.4,80.3,81.81219512,3,21108000,593,0.583933409,50.22094356,49.77905644,17231624,95.8,20.5,36,1.052,2
Morocco,MAR,30.681,1.23E+11,100,52.02023609,18,18.937,9,3.7,5.06,7,71.67294,2.415,54,2199140,3544387229,780869404.8,2.99021417,99,11918297,446300,77.668,75.19,76.453,18,44737885,13035,1.250794964,50.40384729,49.59615271,36029138,29,25.1,20.50632911,1.06,2
New Zealand,NZL,18.6046,1.88E+11,100,54.57350366,69,11.98,10,0.2,6.86,8,87.00452,1.71,38,1760000,2128856171,639728231.1,3.762256427,92,2721966,263310,83.6,80.2,81.85853659,9,6400000,244,0.977703457,50.8377694,49.1622306,4841000,100,29.9,38.33333333,1.055,12
Malaysia,MYS,13.4668,3.82E+11,100,44.23124385,63,16.752,6,11.6,5.09,8,81.33541,2.001,87,6433300,8570094243,5716347625,4.74160645,96,15381536,328550,78.167,74.075,75.997,71,42413400,3798,1.352511651,48.57852058,51.42147942,31528585,86.6,21.8,13.90134529,1.06,7
Myanmar,MMR,28.2066,84491238202,66.26457214,47.39629602,56,17.552,5,24.8,8.199,0,43.4838,2.154,53,520863,1291196201,0,6.750460146,93,24470007,653080,69.874,63.761,66.867,49,61143964,34666,0.608482652,51.80789687,48.19210313,53708395,0,26.8,10.16166282,1.03,2
Nepal,NPL,64.399,22969698990,93.92,56.59729608,38,19.887,10,24.4,6.361,0,59.65408,1.917,7,799368,68186670.75,0,6.700995459,91,16359487,143350,71.9,68.989,70.478,29,39178451,14880,1.653980239,54.53534333,45.46465667,28087871,2.7,16,32.72727273,1.065,10
Nigeria,NGA,105.447,4.69E+11,56.5,87.31508677,21,37.905,9,27.6,11.86,8,53.40471,5.387,74,140491,1997485165,1380859538,1.922757342,54,58403811,910770,55.244,53.45,54.332,31,172730603,552152,2.586545852,49.33611355,50.66388645,195874740,11,21,5.555555556,1.059,9
Norway,NOR,5.1048,4.89E+11,100,52.90112361,11,10.4,10,0.9,7.7,6,82.91579,1.56,23,560945,-6634007435,9854713255,1.289548201,96,2799958,365123.0078,84.5,81.1,82.75853659,8,5720892,120,0.660090844,49.52463113,50.47536887,5311916,100,20.8,41.42011834,1.058,5
Paraguay,PRY,70.1824,37420751807,100,55.93499755,27,20.571,13,58.4,5.498,7,58.45116,2.429,0,302754,386916058.1,-94130193.43,3.351958024,93,3534912,397300,76.25,72.159,74.131,10,7439692,2452,1.287844517,49.15161135,50.84838865,6956071,24.5,9.6,15,1.05,1
Romania,ROU,35.535,2.26E+11,100,51.22474481,17,9.6,10,0.4,13.5,7,72.51292,1.76,22,3660000,7343560129,1503441003,4.436856007,90,9054882,230080,79.2,71.7,75.35853659,9,22634000,1177,-0.587536174,51.34374306,48.65625694,19472545,55.7,12.3,20.66869301,1.058,9
Singapore,SGP,3.5134,3.33E+11,100,31.1332126,22,8.8,6,0.4,5,7,85.84348,1.14,29,2001000,91035666405,29761091307,3.438111042,95,3493801,709.0000153,85.4,81,83.14634146,14,8568400,106,0.469704299,47.65812541,52.34187459,5638676,60.9,1.7,23,1.073,8
South Africa,ZAF,67.8488,4.30E+11,91.22987366,52.43320121,54,20.51,9,0.2,9.435,7,66.69548,2.405,121,3345440,5569462350,4026961508,0.78705557,70,22947458,1213090,67.398,60.463,63.857,30,92427958,32882,1.357697288,50.69415038,49.30584962,57779622,67.3,21.8,42.7480916,1.031,5
Sri Lanka,LKA,20.6904,85514018430,99.58340454,53.06955312,16,15.831,11,9.4,6.651,6,61.75867,2.199,57,2473875,1614044009,67856570.54,3.306417413,99,8893806,62710,80.121,73.415,76.812,30,30282984,2144,1.048392958,51.96681766,48.03318234,21670000,46.5,1.2,5.777777778,1.04,2
South Sudan,SSD,59.4332,NA,28.20185661,82.54372949,21,35.01,8,122.6,10.459,0,33.64187,4.696,0,0,60140000,NA,NA,49,4621451,NA,59.135,56.115,57.604,14,3672871,23846,0.59544157,49.95630436,50.04369564,10975920,0,9.2,28.45953003,1.04,2
Saudi Arabia,SAU,7.097,7.02E+11,100,39.58085503,18,17.798,9,6.6,3.472,8,63.84761,2.319,41,5387405,4247107441,19252328473,2.434110781,98,14019589,2149690,76.615,73.799,74.998,11,41310584,3582,1.7988753,42.44584798,57.55415202,33699947,63.2,2.2,19.86754967,1.03,1
Senegal,SEN,70.716,24528196373,66.95944977,85.67431189,19,34.523,11,32,5.716,0,54.37982,4.625,58,302243,847841574.8,52808330.23,6.379556584,83,4122004,192530,69.627,65.501,67.665,19,16559942,18181,2.78193167,51.27732977,48.72267023,15854360,2.7,16.2,41.81818182,1.036,6
Spain,ESP,7.4904,1.54E+12,100,51.61969519,19,7.9,10,4,9.1,7,77.69995,1.26,83,19484361,49074301841,30464616353,2.351008131,97,23065037,499563.9844,86.3,80.7,83.43170732,17,54161014,1052,0.437982994,50.89664131,49.10335869,46797754,15.7,10.6,39.14285714,1.064,5
Thailand,THA,44.6888,4.42E+11,100,40.82103472,62,10.344,9,3.1,7.666,7,79.51709,1.525,106,2929000,13205107281,21248524773,4.150762088,96,38907795,510890,80.704,73.228,76.931,59,125098000,5821,0.315448259,51.26870461,48.73129539,69428524,60.2,22.2,5.284552846,1.062,7
Turkey,TUR,25.5558,1.24E+12,100,49.54975598,20,16.027,12,10.6,5.412,8,75.25248,2.069,131,11633461,1.30E+10,3.65E+09,2.826776118,96,32826049,769630,80.336,74.447,77.437,19,80117999,12048,1.490444868,50.6778132,49.3221868,82319724,0,18.2,17.44966443,1.05,7
United Arab Emirates,ARE,5.8868,3.98E+11,100,18.60779642,13,10.331,6,22.8,1.47,8,81.58883,1.413,20,2341392,10385286000,15079292000,1.189855642,99,6752973,71020,79.164,77.133,77.814,8,20081015,653,1.50389676,30.63668795,69.36331205,9630959,53.6,0,22.5,1.045,6
Uruguay,URY,58.2386,50420003958,100,54.85270066,22,13.857,14,22.6,9.467,8,61.36826,1.973,45,1153533,1171934319,2279940975,1.620083616,97,1749881,175020,81.359,73.958,77.77,10,5170624,309,0.367502623,51.72154269,48.27845731,3449299,100,23.6,20.2020202,1.05,4
"Venezuela, RB",VEN,84.9792,NA,100,53.68924086,52,17.881,17,393,6.982,7,32.14349,2.272,45,5547291,8.86E+08,6.61E+08,NA,74,12554309,882050,76.074,68.398,72.128,35,20731169,11095,-1.785864856,50.6332598,49.3667402,28870195,36.6,9.4,22.15568862,1.05,1
Zimbabwe,ZWE,83.2486,18854228494,41.04158401,82.95111604,19,30.676,7,110.7,7.883,6,50.50998,3.615,3,268849,744637199.2,26771876.93,4.829673591,88,6907202,386850,62.598,59.501,61.195,10,12908992,17413,1.410782722,52.35675207,47.64324793,14439018,33.6,17.6,31.48148148,1.02,5
United States,USA,18.5562,1.79E+13,100,52.71067709,91,11.6,12,1,8.6,8,83.57395,1.7295,251,110439000,2.61E+11,-1.51E+11,2.927322728,92,165483017,9147420,81.1,76.1,78.53902439,40,4.22E+08,22023,0.522337358,50.52001465,49.47998535,326687501,100,27.9,23.50230415,1.047,11
Ukraine,UKR,23.0026,1.31E+11,100,47.59515828,17,8.7,11,0.6,14.8,7,69.07387,1.301,24,6074255,4.58E+09,1.16E+08,3.405298522,91,20432109,579290,76.72,66.69,71.58268293,11,53933592,3162,-0.466425621,53.6877507,46.3122493,44622518,45.9,11,12.29314421,1.062,8
Switzerland,CHE,2.6438,6.75E+11,100,50.4532596,9,10,11,2.3,7.8,7,76.61632,1.52,9,3269952,-76220614843,38432117838,2.750553714,95,4953967,39516.00098,85.7,81.9,83.75365854,3,10788602,318,0.736633975,50.42712466,49.57287534,8514329,25.4,9.3,32.5,1.052,6
Vietnam,VNM,29.1518,1.88E+11,100,43.77660483,52,16.745,10,6.1,6.317,7,68.56869,2.049,83,4296301,1.55E+10,5.98E+08,7.075788617,97,56915235,310070,79.442,71.207,75.317,56,140639140,25987,0.992716375,50.09640962,49.90359038,95540395,29.5,13.2,26.72064777,1.118,8
"Yemen, Rep.",YEM,59.1624,18037087754,62,73.88631363,16,30.453,9,118.8,5.983,0,30.67289,3.792,40,NA,-282098333.3,3605666.667,0.752598679,64,6545429,527970,67.795,64.418,66.096,11,15297789,37517,2.357022518,49.61165749,50.38834251,28498687,0,13.8,0,1.05,0
United Kingdom,GBR,12.641,2.88E+12,100,56.43074619,11,11,11,0,9.3,8,83.55123,1.68,48,31919894,81158909779,56396272185,1.340720577,92,34329233,241930,83.1,79.5,81.25609756,5,79472341,2888,0.605929132,50.63527456,49.36472544,66460344,100,17.3,32.15384615,1.051,7
Uganda,UGA,116.0714,39775190576,42.65,95.58568273,30,38.135,7,42.7,6.554,7,58.38634,4.955,60,186902,1055353353,327251.7411,6.155079976,86,15935453,200520,65.173,60.655,62.973,31,24472033,55624,3.7213873,50.7760789,49.2239211,42723139,6.6,22.3,34.29844098,1.03,5
Trinidad and Tobago,TTO,29.3338,21071732282,100,45.25288079,5,12.937,7,0.7,8.375,6,61.03242,1.725,37,319401,-701876422.9,65041763.49,-0.245213697,90,667593,5130,76.092,70.751,73.38,2,1972595,292,0.417170469,50.59132663,49.40867337,1389858,79.2,25,30.95238095,1.038,7
Sweden,SWE,5.1226,5.89E+11,100,60.45520697,11,11.4,9,0.5,9.1,5,82.01848,1.76,15,2392386,-2101806714,10260227175,1.950022846,97,5411383,407310,84.3,80.9,82.55853659,1,12647103,255,1.16164516,49.94577617,50.05422383,10175214,100,13.1,46.13180516,1.06,7
Sudan,SDN,60.796,75749454779,59.783535,78.85872805,26,32.177,8,20.9,7.188,0,48.01814,4.407,32,136923,1135787164,NA,-2.320827321,88,12055376,NA,66.947,63.277,65.095,16,30100412,55862,2.392265265,50.04741453,49.95258547,41801533,3.1,11.5,30.51643192,1.04,5
Syrian Arab Republic,SYR,37.9512,NA,86,56.06629965,17,23.685,9,7.6,5.373,2,41.47442,2.808,51,2740000,NA,NA,NA,63,5129679,183630,77.763,66.578,71.779,14,17129676,7725,-0.952015452,49.81421136,50.18578864,16906283,0,23,13.2,1.05,1
Slovak Republic,SVK,25.9352,1.12E+11,100,45.08604574,12,10.6,10,1,10,7,75.445,1.54,5,722704,2250850832,957980656.2,3.896744466,96,2754200,48080,80.8,73.9,77.26585366,4,7241702,272,0.13850816,51.33833252,48.66166748,5446771,80.7,9.1,20,1.05,7
Serbia,SRB,14.1444,48082123702,100,51.59662027,13,9.2,8,2.2,14.6,7,73.92341,1.49,15,2574691,4071895068,358102436.8,4.392240032,92,3241884,87460,78.4,73.5,75.8902439,6,8431365,402,-0.546351969,51.00252296,48.99747704,6982604,100,13,34.4,1.07,6
Russian Federation,RUS,19.6196,1.74E+12,100,48.34327788,57,11.5,11,1.1,12.4,7,77.40044,1.57,39,30108289,8784850000,31376880000,2.536331301,98,73825998,16376870,77.81,67.75,72.65731707,34,229431008,9963,-0.013066892,53.66176236,46.33823764,144477860,88,7.4,15.77777778,1.058,9
Poland,POL,10.1692,6.34E+11,100,48.30214691,11,10.2,10,11.8,10.9,8,76.93317,1.46,8,6575246,1.67E+10,1.91E+09,5.349025115,93,18391322,306190,81.7,73.7,77.60243902,4,51098747,1429,-0.000200133,51.53070738,48.46929262,37974750,98.1,14.5,28.04347826,1.056,7
"Macao SAR, China",MAC,2.3036,37040163131,100,31.81876996,4,11.058,10,NA,3.939,NA,NA,1.217,9,123469,2330864626,-147512673.9,5.442542619,NA,385783,30.39999962,87.051,81.149,84.118,0,2181194,NA,1.443311366,51.97828486,48.02171514,631636,NA,NA,NA,1.05,NA
Lebanon,LBN,14.2238,42561672205,100,49.47287809,11,17.545,10,40,4.356,6,54.42282,2.087,28,893529,2653921503,611297175.8,-1.926404771,82,2381501,10230,80.821,77.076,78.875,10,4424185,742,0.54245866,49.70580552,50.29419448,6848925,0,6.2,4.6875,1.05,2
Libya,LBY,5.7148,53686164470,67,48.61330481,8,18.829,9,23,5.095,0,32.73696,2.24,32,NA,0,275600000,15.13279989,73,2380602,1759540,75.788,69.895,72.724,10,NA,1296,1.47586739,49.48378881,50.51621119,6678567,0,22.1,15.95744681,1.06,0
Liberia,LBR,135.5662,2608374062,25.9182663,79.7863446,14,33.042,6,12.6,7.538,0,43.54307,4.315,64,NA,129129754.8,84075747.64,1.222551313,91,2165501,96320,65.114,62.347,63.73,24,NA,9930,2.452522593,49.76829102,50.23170898,4818977,0,35.4,12.32876712,1.054,10
Japan,JPN,3.6644,6.17E+12,100,67.42908022,49,7.4,9,7.5,11,6,78.04159,1.42,77,63525713,24605910854,1.58E+11,0.323207338,97,68358370,364560,87.32,81.25,84.21097561,29,179872794,1769,-0.202670345,51.15925913,48.84074087,126529100,100,24,10.10752688,1.056,5
Israel,ISR,9.192,3.09E+11,100,66.3955474,18,20.8,15,2.8,5,7,74.98013,3.09,50,3200000,21514500000,6086600000,3.453702518,98,4102822,21640,84.8,80.9,82.80243902,15,10700000,512,1.926622865,50.29812658,49.70187342,8882800,70.3,18.8,27.5,1.053,6
India,IND,12.0708,2.82E+12,95.2358551,49.77516695,93,17.857,8,14.4,7.234,7,67.49639,2.222,227,21868192,42117450737,11417789536,6.119586841,93,487622021,2973190,70.692,68.239,69.416,93,1176021869,715531,1.03732336,48.02353964,51.97646036,1352617328,55.9,21.7,11.80811808,1.1,9
"Korea, Dem. People‚Äôs Rep.",PRK,0.286,NA,48.49082565,41.91771469,29,13.89,12,NA,9.088,NA,NA,1.904,20,NA,792650.1257,NA,NA,98,16395998,120410,75.549,68.435,72.095,10,NA,4842,0.47012429,51.09385248,48.90614752,25549819,NA,NA,16.30276565,1.05,NA
Honduras,HND,71.8464,21278895971,91.88720703,57.31061568,14,21.599,12,39.1,4.437,8,55.97099,2.46,45,532004,1442587576,547398049.8,3.696729569,89,4499704,111890,77.378,72.771,75.088,8,7588554,3082,1.667103614,50.04934017,49.95065983,9587522,47.4,31.2,21.09375,1.05,8
Guam,GUM,30.6066,5217923581,100,52.23855924,14,16.579,0,NA,5.216,NA,NA,2.313,14,NA,NA,NA,-0.26835346,NA,80919,540,83.365,76.607,79.859,3,NA,NA,0.901084422,49.4944803,50.5055197,165768,NA,NA,NA,1.058,NA
Guatemala,GTM,69.756,54575068475,94.69546509,64.60219353,17,24.561,16,18.1,4.738,8,62.53299,2.87,41,2436093,935617740,144535580,3.214906243,87,6680520,107160,76.937,71.119,74.063,15,20467520,9022,1.600385982,50.7593495,49.2406505,16346950,7,20.2,12.65822785,1.05,9
"Hong Kong SAR, China",HKG,2.6462,2.88E+11,100,40.40201217,21,7.2,9,1.1,6.4,7,85.08628,1.072,15,4196061,97036255479,75012130177,2.861564934,NA,3964816,1050,87.7,82.3,84.93414634,4,19898785,NA,0.799050247,53.93244298,46.06755702,7451000,100,17.5,NA,1.076,8
Guinea,GIN,133.365,11138944837,44,87.88586446,20,36.364,6,38.2,8.452,0,49.26216,4.7,76,0,352760000,-330000,6.181138937,47,4285745,245720,61.666,60.477,61.185,30,12013000,28932,2.833136353,51.8211107,48.1788893,12414318,0,0,21.92982456,1.024,6